{
  "seller": {
    "name": "湘亲木桶饭（吕营店）",
    "description": "月售1152单，蜂鸟专送",
    "deliveryTime": 38,
    "score": 4.2,
    "serviceScore": 4.1,
    "foodScore": 4.3,
    "rankRate": 69.2,
    "minPrice": 20,
    "deliveryPrice": 4,
    "ratingCount": 24,
    "sellCount": 90,
    "bulletin": "经济实惠，菜价不贵，欢迎品尝",
    "supports": [
      {
        "type": 0,
        "description": "在线支付满35减20，满50减25"
      },
      {
        "type": 1,
        "description": "VC无限橙果汁全场8折"
      },
      {
        "type": 2,
        "description": "单人精彩套餐"
      },
      {
        "type": 3,
        "description": "该商家支持发票,请下单写好发票抬头"
      },
      {
        "type": 4,
        "description": "已加入“外卖保”计划,食品安全保障"
      }
    ],
    "avatar": "https://fuss10.elemecdn.com/c/f9/dd1383984c0891d3524ee6e2bb6a8png.png?imageMogr/format/webp/thumbnail/150x/",
    "pics": [
      "http://fuss10.elemecdn.com/8/71/c5cf5715740998d5040dda6e66abfjpeg.jpeg?imageView2/1/w/180/h/180",
      "http://fuss10.elemecdn.com/b/6c/75bd250e5ba69868f3b1178afbda3jpeg.jpeg?imageView2/1/w/180/h/180",
      "http://fuss10.elemecdn.com/f/96/3d608c5811bc2d902fc9ab9a5baa7jpeg.jpeg?imageView2/1/w/180/h/180",
      "http://fuss10.elemecdn.com/6/ad/779f8620ff49f701cd4c58f6448b6jpeg.jpeg?imageView2/1/w/180/h/180"
    ],
    "infos": [
      "该商家支持发票,请下单写好发票抬头",
      "品类:其他菜系,包子粥店",
      "北京市昌平区回龙观西大街龙观置业大厦底商B座102单元1340",
      "营业时间:10:00-20:30"
    ]
  },
  "goods": [
    {
      "name": "曾经买过",
      "type": -1,
      "foods": [
        {
          "name": "鱼香肉丝木桶饭",
          "price": 19,
          "oldPrice": "",
          "description": "木桶饭",
          "sellCount": 229,
          "rating": 100,
          "info": "肉丝 尖椒 胡萝卜 笋丝 木耳 米饭",
          "ratings": [
            {
              "username": "3******c",
              "rateTime": 1469281964000,
              "rateType": 0,
              "text": "很喜欢的饭",
              "avatar": "http://static.galileo.xiaojukeji.com/static/tms/default_header.png"
            },
            {
              "username": "2******3",
              "rateTime": 1469271264000,
              "rateType": 0,
              "text": "味道很不错",
              "avatar": "http://static.galileo.xiaojukeji.com/static/tms/default_header.png"
            },
            {
              "username": "3******b",
              "rateTime": 1469261964000,
              "rateType": 1,
              "text": "呸呸呸，肉太少，全是胡萝卜",
              "avatar": "http://static.galileo.xiaojukeji.com/static/tms/default_header.png"
            }
          ],
          "icon": "http://fuss10.elemecdn.com/c/e5/927ee6d866d4bf1c00db67dc04fd3jpeg.jpeg?imageMogr/format/webp/thumbnail/!140x140r/gravity/Center/crop/140x140/",
          "image": "http://fuss10.elemecdn.com/c/e5/927ee6d866d4bf1c00db67dc04fd3jpeg.jpeg?imageMogr/format/webp/thumbnail/!140x140r/gravity/Center/crop/140x140/"
        },
        {
          "name": "小可乐",
          "price": 4,
          "oldPrice": "",
          "description": "",
          "sellCount": 188,
          "rating": 96,
          "ratings": [
            {
              "username": "3******c",
              "rateTime": 1469281964000,
              "rateType": 0,
              "text": "好评",
              "avatar": "http://static.galileo.xiaojukeji.com/static/tms/default_header.png"
            },
            {
              "username": "2******3",
              "rateTime": 1469271264000,
              "rateType": 0,
              "text": "好评",
              "avatar": "http://static.galileo.xiaojukeji.com/static/tms/default_header.png"
            },
            {
              "username": "3******b",
              "rateTime": 1469261964000,
              "rateType": 1,
              "text": "差评",
              "avatar": "http://static.galileo.xiaojukeji.com/static/tms/default_header.png"
            }
          ],
          "info": "",
          "icon": "http://fuss10.elemecdn.com/c/9b/437f3038651b331b90a1c00c02f94jpeg.jpeg?imageMogr/format/webp/thumbnail/!140x140r/gravity/Center/crop/140x140/",
          "image": "http://fuss10.elemecdn.com/c/9b/437f3038651b331b90a1c00c02f94jpeg.jpeg?imageMogr/format/webp/thumbnail/!140x140r/gravity/Center/crop/140x140/"
        },
        {
          "name": "葱花饼",
          "price": 10,
          "oldPrice": "",
          "description": "",
          "sellCount": 124,
          "rating": 85,
          "info": "",
          "ratings": [
            {
              "username": "3******c",
              "rateTime": 1469281964000,
              "rateType": 1,
              "text": "没啥味道",
              "avatar": "http://static.galileo.xiaojukeji.com/static/tms/default_header.png"
            },
            {
              "username": "2******3",
              "rateTime": 1469271264000,
              "rateType": 1,
              "text": "很一般啊",
              "avatar": "http://static.galileo.xiaojukeji.com/static/tms/default_header.png"
            },
            {
              "username": "3******b",
              "rateTime": 1469261964000,
              "rateType": 0,
              "text": "很不错",
              "avatar": "http://static.galileo.xiaojukeji.com/static/tms/default_header.png"
            }
          ],
          "icon": "http://fuss10.elemecdn.com/f/28/a51e7b18751bcdf871648a23fd3b4jpeg.jpeg?imageView2/1/w/114/h/114",
          "image": "http://fuss10.elemecdn.com/f/28/a51e7b18751bcdf871648a23fd3b4jpeg.jpeg?imageView2/1/w/750/h/750"
        },
        {
          "name": "牛肉馅饼",
          "price": 14,
          "oldPrice": "",
          "description": "",
          "sellCount": 114,
          "rating": 91,
          "info": "",
          "ratings": [
            {
              "username": "3******c",
              "rateTime": 1469281964000,
              "rateType": 1,
              "text": "难吃不推荐",
              "avatar": "http://static.galileo.xiaojukeji.com/static/tms/default_header.png"
            },
            {
              "username": "2******3",
              "rateTime": 1469271264000,
              "rateType": 0,
              "text": "香脆好吃",
              "avatar": "http://static.galileo.xiaojukeji.com/static/tms/default_header.png"
            },
            {
              "username": "3******b",
              "rateTime": 1469261964000,
              "rateType": 0,
              "text": "好吃",
              "avatar": "http://static.galileo.xiaojukeji.com/static/tms/default_header.png"
            }
          ],
          "icon": "http://fuss10.elemecdn.com/d/b9/bcab0e8ad97758e65ae5a62b2664ejpeg.jpeg?imageView2/1/w/114/h/114",
          "image": "http://fuss10.elemecdn.com/d/b9/bcab0e8ad97758e65ae5a62b2664ejpeg.jpeg?imageView2/1/w/750/h/750"
        }
      ]
    },
    {
      "name": "经典刀削面拌面特惠",
      "type": 2,
      "foods": [
        {
          "name": "尖椒肉丝拌面",
          "price": 18,
          "oldPrice": 36,
          "description": "尖椒 肉丝 面条",
          "sellCount": 17,
          "rating": 100,
          "info": "",
          "ratings": [
            {
              "username": "2******3",
              "rateTime": 1469271264000,
              "rateType": 0,
              "text": "好吃",
              "avatar": "http://static.galileo.xiaojukeji.com/static/tms/default_header.png"
            }
          ],
          "icon": "http://fuss10.elemecdn.com/8/26/7106e10279e4ec7670acb7dbaefc8jpeg.jpeg?imageMogr/format/webp/thumbnail/!140x140r/gravity/Center/crop/140x140/",
          "image": "http://fuss10.elemecdn.com/8/26/7106e10279e4ec7670acb7dbaefc8jpeg.jpeg?imageMogr/format/webp/thumbnail/!140x140r/gravity/Center/crop/140x140/"
        }
      ]
    },
    {
      "name": "冰爽饮品限时特惠",
      "type": 1,
      "foods": [
        {
          "name": "VC无限橙果汁",
          "price": 8,
          "oldPrice": 10,
          "description": "",
          "sellCount": 15,
          "rating": 100,
          "info": "",
          "ratings": [
            {
              "username": "3******c",
              "rateTime": 1469281964000,
              "rateType": 0,
              "text": "还可以",
              "avatar": "http://static.galileo.xiaojukeji.com/static/tms/default_header.png"
            },
            {
              "username": "2******3",
              "rateTime": 1469271264000,
              "rateType": 0,
              "text": "",
              "avatar": "http://static.galileo.xiaojukeji.com/static/tms/default_header.png"
            }
          ],
          "icon": "http://fuss10.elemecdn.com/e/c6/f348e811772016ae24e968238bcbfjpeg.jpeg?imageView2/1/w/114/h/114",
          "image": "http://fuss10.elemecdn.com/e/c6/f348e811772016ae24e968238bcbfjpeg.jpeg?imageView2/1/w/750/h/750"
        }
      ]
    },
    {
      "name": "福利来袭",
      "type": -1,
      "foods": [
        {
          "name": "福利来袭",
          "price": 0,
          "oldPrice": 20,
          "description": "全城免配送费",
          "sellCount": "",
          "rating": 100,
          "info": "",
          "ratings": [
            {
              "username": "3******c",
              "rateTime": 1469281964000,
              "rateType": 0,
              "text": "很好很好",
              "avatar": "http://static.galileo.xiaojukeji.com/static/tms/default_header.png"
            },
            {
              "username": "2******3",
              "rateTime": 1469271264000,
              "rateType": 0,
              "text": "",
              "avatar": "http://static.galileo.xiaojukeji.com/static/tms/default_header.png"
            }
          ],
          "icon": "http://fuss10.elemecdn.com/1/e1/b43213345d4050faef54271dc6c94jpeg.jpeg?imageMogr/format/webp/thumbnail/!140x140r/gravity/Center/crop/140x140/",
          "image": "http://fuss10.elemecdn.com/1/e1/b43213345d4050faef54271dc6c94jpeg.jpeg?imageMogr/format/webp/thumbnail/!140x140r/gravity/Center/crop/140x140/"
        }
      ]
    },
    {
      "name": "湘亲精美凉菜",
      "type": -1,
      "foods": [
        {
          "name": "八宝酱菜",
          "price": 4,
          "oldPrice": "",
          "description": "",
          "sellCount": 84,
          "rating": 100,
          "info": "",
          "ratings": [
            {
              "username": "3******c",
              "rateTime": 1469281964000,
              "rateType": 0,
              "text": "",
              "avatar": "http://static.galileo.xiaojukeji.com/static/tms/default_header.png"
            },
            {
              "username": "2******3",
              "rateTime": 1469271264000,
              "rateType": 0,
              "text": "",
              "avatar": "http://static.galileo.xiaojukeji.com/static/tms/default_header.png"
            },
            {
              "username": "3******b",
              "rateTime": 1469261964000,
              "rateType": 0,
              "text": "",
              "avatar": "http://static.galileo.xiaojukeji.com/static/tms/default_header.png"
            }
          ],
          "icon": "http://fuss10.elemecdn.com/9/b5/469d8854f9a3a03797933fd01398bjpeg.jpeg?imageView2/1/w/114/h/114",
          "image": "http://fuss10.elemecdn.com/9/b5/469d8854f9a3a03797933fd01398bjpeg.jpeg?imageView2/1/w/750/h/750"
        },
        {
          "name": "拍黄瓜",
          "price": 9,
          "oldPrice": "",
          "description": "",
          "sellCount": 28,
          "rating": 100,
          "info": "",
          "ratings": [
            {
              "username": "3******c",
              "rateTime": 1469281964000,
              "rateType": 0,
              "text": "",
              "avatar": "http://static.galileo.xiaojukeji.com/static/tms/default_header.png"
            },
            {
              "username": "2******3",
              "rateTime": 1469271264000,
              "rateType": 0,
              "text": "",
              "avatar": "http://static.galileo.xiaojukeji.com/static/tms/default_header.png"
            },
            {
              "username": "3******b",
              "rateTime": 1469261964000,
              "rateType": 0,
              "text": "",
              "avatar": "http://static.galileo.xiaojukeji.com/static/tms/default_header.png"
            }
          ],
          "icon": "http://fuss10.elemecdn.com/6/54/f654985b4e185f06eb07f8fa2b2e8jpeg.jpeg?imageView2/1/w/114/h/114",
          "image": "http://fuss10.elemecdn.com/6/54/f654985b4e185f06eb07f8fa2b2e8jpeg.jpeg?imageView2/1/w/750/h/750"
        }
      ]
    },
    {
      "name": "湘亲 木桶饭",
      "type": -1,
      "foods": [
        {
          "name": "土豆牛肉木桶饭",
          "price": 24.8,
          "oldPrice": "",
          "description": "主要原料土豆,牛肉,辣椒",
          "sellCount": 70,
          "rating": 100,
          "info": "",
          "ratings": [
            {
              "username": "2******3",
              "rateTime": 1469271264000,
              "rateType": 0,
              "text": "好吃,香",
              "avatar": "http://static.galileo.xiaojukeji.com/static/tms/default_header.png"
            }
          ],
          "icon": "http://fuss10.elemecdn.com/7/24/1feb88d917a659273a5ab242be5dbjpeg.jpeg?imageMogr/format/webp/thumbnail/!140x140r/gravity/Center/crop/140x140/",
          "image": "http:////fuss10.elemecdn.com/7/24/1feb88d917a659273a5ab242be5dbjpeg.jpeg?imageMogr/format/webp/thumbnail/!140x140r/gravity/Center/crop/140x140/"
        },
        {
          "name": "小炒肉木桶饭",
          "price": 20,
          "oldPrice": "",
          "description": "五花肉 杭椒 米饭",
          "sellCount": 42,
          "rating": 100,
          "info": "",
          "ratings": [
            {
              "username": "2******3",
              "rateTime": 1469271264000,
              "rateType": 0,
              "text": "好吃好吃",
              "avatar": "http://static.galileo.xiaojukeji.com/static/tms/default_header.png"
            },
            {
              "username": "2******5",
              "rateTime": 15512662822,
              "rateType": 1,
              "text": "难吃的一批",
              "avatar": "http://static.galileo.xiaojukeji.com/static/tms/default_header.png"
            }
          ],
          "icon": "http://fuss10.elemecdn.com/5/bf/a7933d495ec9ec7920415f2da6725jpeg.jpeg?imageMogr/format/webp/thumbnail/!140x140r/gravity/Center/crop/140x140/",
          "image": "http://fuss10.elemecdn.com/5/bf/a7933d495ec9ec7920415f2da6725jpeg.jpeg?imageMogr/format/webp/thumbnail/!140x140r/gravity/Center/crop/140x140/"
        },
        {
          "name": "小炒鸡杂木桶饭",
          "price": 20,
          "oldPrice": "",
          "description": "鸡心 鸡胗 辣椒",
          "sellCount": 93,
          "rating": 100,
          "info": "",
          "ratings": [
            {
              "username": "2******3",
              "rateTime": 1469271264000,
              "rateType": 0,
              "text": "好吃好吃",
              "avatar": "http://static.galileo.xiaojukeji.com/static/tms/default_header.png"
            },
            {
              "username": "2******5",
              "rateTime": 15512662822,
              "rateType": 1,
              "text": "难吃的一批",
              "avatar": "http://static.galileo.xiaojukeji.com/static/tms/default_header.png"
            }
          ],
          "icon": "http://fuss10.elemecdn.com/7/30/e4b060f208ea392bcf41a0fe5f8c7jpeg.jpeg?imageMogr/format/webp/thumbnail/!140x140r/gravity/Center/crop/140x140/",
          "image": "http://fuss10.elemecdn.com/7/30/e4b060f208ea392bcf41a0fe5f8c7jpeg.jpeg?imageMogr/format/webp/thumbnail/!140x140r/gravity/Center/crop/140x140/"
        },
        {
          "name": "土豆丝木桶饭",
          "price": 20,
          "oldPrice": "",
          "description": "土豆丝 米饭 主要原料:辣椒 土豆",
          "sellCount": 42,
          "rating": 100,
          "info": "",
          "ratings": [
            {
              "username": "2******3",
              "rateTime": 1469271264000,
              "rateType": 0,
              "text": "非常好吃",
              "avatar": "http://static.galileo.xiaojukeji.com/static/tms/default_header.png"
            },
            {
              "username": "2******5",
              "rateTime": 15512662822,
              "rateType": 1,
              "text": "太辣了 难吃",
              "avatar": "http://static.galileo.xiaojukeji.com/static/tms/default_header.png"
            }
          ],
          "icon": "http://fuss10.elemecdn.com/c/d0/d371b93f389f1bd652c45f8b33793jpeg.jpeg?imageMogr/format/webp/thumbnail/!140x140r/gravity/Center/crop/140x140/",
          "image": "http://fuss10.elemecdn.com/c/d0/d371b93f389f1bd652c45f8b33793jpeg.jpeg?imageMogr/format/webp/thumbnail/!140x140r/gravity/Center/crop/140x140/"
        },
        {
          "name": "鱼香肉丝木桶饭",
          "price": 19,
          "oldPrice": "",
          "description": "木桶饭",
          "sellCount": 42,
          "rating": 100,
          "info": "肉丝 尖椒 胡萝卜 笋丝 木耳 米饭",
          "ratings": [
            {
              "username": "2******3",
              "rateTime": 1469271264000,
              "rateType": 0,
              "text": "非常好吃",
              "avatar": "http://static.galileo.xiaojukeji.com/static/tms/default_header.png"
            },
            {
              "username": "2******5",
              "rateTime": 15512662822,
              "rateType": 1,
              "text": "太辣了 难吃",
              "avatar": "http://static.galileo.xiaojukeji.com/static/tms/default_header.png"
            }
          ],
          "icon": "http://fuss10.elemecdn.com/c/e5/927ee6d866d4bf1c00db67dc04fd3jpeg.jpeg?imageMogr/format/webp/thumbnail/!140x140r/gravity/Center/crop/140x140/",
          "image": "http://fuss10.elemecdn.com/c/e5/927ee6d866d4bf1c00db67dc04fd3jpeg.jpeg?imageMogr/format/webp/thumbnail/!140x140r/gravity/Center/crop/140x140/"
        },
        {
          "name": "宫保鸡丁木桶饭",
          "price": 19,
          "oldPrice": "",
          "description": "鸡胸 中葱 花生 米饭",
          "sellCount": 42,
          "rating": 90,
          "info": "",
          "ratings": [
            {
              "username": "2******3",
              "rateTime": 1469271264000,
              "rateType": 0,
              "text": "非常好吃",
              "avatar": "http://static.galileo.xiaojukeji.com/static/tms/default_header.png"
            },
            {
              "username": "2******5",
              "rateTime": 15512662822,
              "rateType": 1,
              "text": "太甜了 难吃",
              "avatar": "http://static.galileo.xiaojukeji.com/static/tms/default_header.png"
            }
          ],
          "icon": "http://fuss10.elemecdn.com/a/81/a7a77e8493024fc30cc2d4a41288cjpeg.jpeg?imageMogr/format/webp/thumbnail/!140x140r/gravity/Center/crop/140x140/",
          "image": "http://fuss10.elemecdn.com/a/81/a7a77e8493024fc30cc2d4a41288cjpeg.jpeg?imageMogr/format/webp/thumbnail/!140x140r/gravity/Center/crop/140x140/"
        },
        {
          "name": "剁椒鸡蛋木桶饭",
          "price": 18,
          "oldPrice": "",
          "description": "剁椒 鸡蛋",
          "sellCount": 42,
          "rating": 100,
          "info": "",
          "ratings": [
            {
              "username": "2******3",
              "rateTime": 1469271264000,
              "rateType": 0,
              "text": "非常好吃",
              "avatar": "http://static.galileo.xiaojukeji.com/static/tms/default_header.png"
            },
            {
              "username": "2******5",
              "rateTime": 15512662822,
              "rateType": 1,
              "text": "太辣了 难吃",
              "avatar": "http://static.galileo.xiaojukeji.com/static/tms/default_header.png"
            }
          ],
          "icon": "http://fuss10.elemecdn.com/8/e6/ddcbc093197f0096207875d148c25jpeg.jpeg?imageMogr/format/webp/thumbnail/!140x140r/gravity/Center/crop/140x140/",
          "image": "http://fuss10.elemecdn.com/8/e6/ddcbc093197f0096207875d148c25jpeg.jpeg?imageMogr/format/webp/thumbnail/!140x140r/gravity/Center/crop/140x140/"
        }
      ]
    },
    {
      "name": "果拼果汁",
      "type": -1,
      "foods": [
        {
          "name": "蜜瓜圣女萝莉杯",
          "price": 6,
          "oldPrice": "",
          "description": "",
          "sellCount": 1,
          "rating": "",
          "info": "",
          "ratings": [],
          "icon": "http://fuss10.elemecdn.com/b/5f/b3b04c259d5ec9fa52e1856ee50dajpeg.jpeg?imageView2/1/w/114/h/114",
          "image": "http://fuss10.elemecdn.com/b/5f/b3b04c259d5ec9fa52e1856ee50dajpeg.jpeg?imageView2/1/w/750/h/750"
        },
        {
          "name": "加多宝",
          "price": 6,
          "oldPrice": "",
          "description": "",
          "sellCount": 7,
          "rating": 100,
          "info": "",
          "ratings": [
            {
              "username": "3******c",
              "rateTime": 1469281964000,
              "rateType": 0,
              "text": "",
              "avatar": "http://static.galileo.xiaojukeji.com/static/tms/default_header.png"
            },
            {
              "username": "2******3",
              "rateTime": 1469271264000,
              "rateType": 0,
              "text": "",
              "avatar": "http://static.galileo.xiaojukeji.com/static/tms/default_header.png"
            },
            {
              "username": "3******b",
              "rateTime": 1469261964000,
              "rateType": 0,
              "text": "",
              "avatar": "http://static.galileo.xiaojukeji.com/static/tms/default_header.png"
            }
          ],
          "icon": "http://fuss10.elemecdn.com/b/9f/5e6c99c593cf65229225c5661bcdejpeg.jpeg?imageView2/1/w/114/h/114",
          "image": "http://fuss10.elemecdn.com/b/9f/5e6c99c593cf65229225c5661bcdejpeg.jpeg?imageView2/1/w/750/h/750"
        },
        {
          "name": "VC无限橙果汁",
          "price": 8,
          "oldPrice": 10,
          "description": "",
          "sellCount": 15,
          "rating": 100,
          "info": "",
          "ratings": [
            {
              "username": "3******c",
              "rateTime": 1469281964000,
              "rateType": 0,
              "text": "还可以",
              "avatar": "http://static.galileo.xiaojukeji.com/static/tms/default_header.png"
            },
            {
              "username": "2******3",
              "rateTime": 1469271264000,
              "rateType": 0,
              "text": "",
              "avatar": "http://static.galileo.xiaojukeji.com/static/tms/default_header.png"
            }
          ],
          "icon": "http://fuss10.elemecdn.com/e/c6/f348e811772016ae24e968238bcbfjpeg.jpeg?imageView2/1/w/114/h/114",
          "image": "http://fuss10.elemecdn.com/e/c6/f348e811772016ae24e968238bcbfjpeg.jpeg?imageView2/1/w/750/h/750"
        }
      ]
    },
    {
      "name": "小吃主食",
      "type": -1,
      "foods": [
        {
          "name": "扁豆焖面",
          "price": 14,
          "oldPrice": "",
          "description": "",
          "sellCount": 188,
          "rating": 96,
          "info": "",
          "ratings": [
            {
              "username": "3******c",
              "rateTime": 1469281964000,
              "rateType": 0,
              "text": "",
              "avatar": "http://static.galileo.xiaojukeji.com/static/tms/default_header.png"
            },
            {
              "username": "2******3",
              "rateTime": 1469271264000,
              "rateType": 0,
              "text": "",
              "avatar": "http://static.galileo.xiaojukeji.com/static/tms/default_header.png"
            },
            {
              "username": "3******b",
              "rateTime": 1469261964000,
              "rateType": 1,
              "text": "",
              "avatar": "http://static.galileo.xiaojukeji.com/static/tms/default_header.png"
            }
          ],
          "icon": "http://fuss10.elemecdn.com/c/6b/29e3d29b0db63d36f7c500bca31d8jpeg.jpeg?imageView2/1/w/114/h/114",
          "image": "http://fuss10.elemecdn.com/c/6b/29e3d29b0db63d36f7c500bca31d8jpeg.jpeg?imageView2/1/w/750/h/750"
        },
        {
          "name": "葱花饼",
          "price": 10,
          "oldPrice": "",
          "description": "",
          "sellCount": 124,
          "rating": 85,
          "info": "",
          "ratings": [
            {
              "username": "3******c",
              "rateTime": 1469281964000,
              "rateType": 1,
              "text": "没啥味道",
              "avatar": "http://static.galileo.xiaojukeji.com/static/tms/default_header.png"
            },
            {
              "username": "2******3",
              "rateTime": 1469271264000,
              "rateType": 1,
              "text": "很一般啊",
              "avatar": "http://static.galileo.xiaojukeji.com/static/tms/default_header.png"
            },
            {
              "username": "3******b",
              "rateTime": 1469261964000,
              "rateType": 0,
              "text": "",
              "avatar": "http://static.galileo.xiaojukeji.com/static/tms/default_header.png"
            }
          ],
          "icon": "http://fuss10.elemecdn.com/f/28/a51e7b18751bcdf871648a23fd3b4jpeg.jpeg?imageView2/1/w/114/h/114",
          "image": "http://fuss10.elemecdn.com/f/28/a51e7b18751bcdf871648a23fd3b4jpeg.jpeg?imageView2/1/w/750/h/750"
        },
        {
          "name": "牛肉馅饼",
          "price": 14,
          "oldPrice": "",
          "description": "",
          "sellCount": 114,
          "rating": 91,
          "info": "",
          "ratings": [
            {
              "username": "3******c",
              "rateTime": 1469281964000,
              "rateType": 1,
              "text": "难吃不推荐",
              "avatar": "http://static.galileo.xiaojukeji.com/static/tms/default_header.png"
            },
            {
              "username": "2******3",
              "rateTime": 1469271264000,
              "rateType": 0,
              "text": "",
              "avatar": "http://static.galileo.xiaojukeji.com/static/tms/default_header.png"
            },
            {
              "username": "3******b",
              "rateTime": 1469261964000,
              "rateType": 0,
              "text": "",
              "avatar": "http://static.galileo.xiaojukeji.com/static/tms/default_header.png"
            }
          ],
          "icon": "http://fuss10.elemecdn.com/d/b9/bcab0e8ad97758e65ae5a62b2664ejpeg.jpeg?imageView2/1/w/114/h/114",
          "image": "http://fuss10.elemecdn.com/d/b9/bcab0e8ad97758e65ae5a62b2664ejpeg.jpeg?imageView2/1/w/750/h/750"
        },
        {
          "name": "招牌猪肉白菜锅贴/10个",
          "price": 17,
          "oldPrice": "",
          "description": "",
          "sellCount": 101,
          "rating": 78,
          "info": "",
          "ratings": [
            {
              "username": "3******c",
              "rateTime": 1469281964000,
              "rateType": 1,
              "text": "不脆,不好吃",
              "avatar": "http://static.galileo.xiaojukeji.com/static/tms/default_header.png"
            },
            {
              "username": "2******3",
              "rateTime": 1469271264000,
              "rateType": 0,
              "text": "",
              "avatar": "http://static.galileo.xiaojukeji.com/static/tms/default_header.png"
            },
            {
              "username": "3******b",
              "rateTime": 1469261964000,
              "rateType": 0,
              "text": "",
              "avatar": "http://static.galileo.xiaojukeji.com/static/tms/default_header.png"
            }
          ],
          "icon": "http://fuss10.elemecdn.com/7/72/9a580c1462ca1e4d3c07e112bc035jpeg.jpeg?imageView2/1/w/114/h/114",
          "image": "http://fuss10.elemecdn.com/7/72/9a580c1462ca1e4d3c07e112bc035jpeg.jpeg?imageView2/1/w/750/h/750"
        },
        {
          "name": "糊塌子",
          "price": 10,
          "oldPrice": "",
          "description": "",
          "sellCount": 80,
          "rating": 93,
          "info": "",
          "ratings": [
            {
              "username": "3******c",
              "rateTime": 1469281964000,
              "rateType": 0,
              "text": "",
              "avatar": "http://static.galileo.xiaojukeji.com/static/tms/default_header.png"
            },
            {
              "username": "2******3",
              "rateTime": 1469271264000,
              "rateType": 0,
              "text": "",
              "avatar": "http://static.galileo.xiaojukeji.com/static/tms/default_header.png"
            },
            {
              "username": "3******b",
              "rateTime": 1469261964000,
              "rateType": 0,
              "text": "",
              "avatar": "http://static.galileo.xiaojukeji.com/static/tms/default_header.png"
            }
          ],
          "icon": "http://fuss10.elemecdn.com/0/05/097a2a59fd2a2292d08067e16380cjpeg.jpeg?imageView2/1/w/114/h/114",
          "image": "http://fuss10.elemecdn.com/0/05/097a2a59fd2a2292d08067e16380cjpeg.jpeg?imageView2/1/w/750/h/750"
        }
      ]
    },
    {
      "name": "特色粥品",
      "type": -1,
      "foods": [
        {
          "name": "皮蛋瘦肉粥",
          "price": 10,
          "oldPrice": "",
          "description": "咸粥",
          "sellCount": 229,
          "rating": 100,
          "ratings": [
            {
              "username": "3******c",
              "rateTime": 1469281964000,
              "rateType": 0,
              "text": "很喜欢的粥",
              "avatar": "http://static.galileo.xiaojukeji.com/static/tms/default_header.png"
            },
            {
              "username": "2******3",
              "rateTime": 1469271264000,
              "rateType": 0,
              "text": "",
              "avatar": "http://static.galileo.xiaojukeji.com/static/tms/default_header.png"
            },
            {
              "username": "3******b",
              "rateTime": 1469261964000,
              "rateType": 1,
              "text": "",
              "avatar": "http://static.galileo.xiaojukeji.com/static/tms/default_header.png"
            }
          ],
          "icon": "http://fuss10.elemecdn.com/c/cd/c12745ed8a5171e13b427dbc39401jpeg.jpeg?imageView2/1/w/114/h/114",
          "image": "http://fuss10.elemecdn.com/c/cd/c12745ed8a5171e13b427dbc39401jpeg.jpeg?imageView2/1/w/750/h/750"
        },
        {
          "name": "南瓜粥",
          "price": 9,
          "oldPrice": "",
          "description": "甜粥",
          "sellCount": 91,
          "rating": 100,
          "info": "",
          "ratings": [
            {
              "username": "3******c",
              "rateTime": 1469281964000,
              "rateType": 0,
              "text": "",
              "avatar": "http://static.galileo.xiaojukeji.com/static/tms/default_header.png"
            },
            {
              "username": "2******3",
              "rateTime": 1469271264000,
              "rateType": 0,
              "text": "",
              "avatar": "http://static.galileo.xiaojukeji.com/static/tms/default_header.png"
            },
            {
              "username": "3******b",
              "rateTime": 1469261964000,
              "rateType": 0,
              "text": "",
              "avatar": "http://static.galileo.xiaojukeji.com/static/tms/default_header.png"
            }
          ],
          "icon": "http://fuss10.elemecdn.com/8/a6/453f65f16b1391942af11511b7a90jpeg.jpeg?imageView2/1/w/114/h/114",
          "image": "http://fuss10.elemecdn.com/8/a6/453f65f16b1391942af11511b7a90jpeg.jpeg?imageView2/1/w/750/h/750"
        },
        {
          "name": "红豆薏米美肤粥",
          "price": 12,
          "oldPrice": "",
          "description": "甜粥",
          "sellCount": 86,
          "rating": 100,
          "info": "",
          "ratings": [
            {
              "username": "3******c",
              "rateTime": 1469281964000,
              "rateType": 0,
              "text": "",
              "avatar": "http://static.galileo.xiaojukeji.com/static/tms/default_header.png"
            },
            {
              "username": "2******3",
              "rateTime": 1469271264000,
              "rateType": 0,
              "text": "",
              "avatar": "http://static.galileo.xiaojukeji.com/static/tms/default_header.png"
            },
            {
              "username": "3******b",
              "rateTime": 1469261964000,
              "rateType": 0,
              "text": "",
              "avatar": "http://static.galileo.xiaojukeji.com/static/tms/default_header.png"
            }
          ],
          "icon": "http://fuss10.elemecdn.com/d/22/260bd78ee6ac6051136c5447fe307jpeg.jpeg?imageView2/1/w/114/h/114",
          "image": "http://fuss10.elemecdn.com/d/22/260bd78ee6ac6051136c5447fe307jpeg.jpeg?imageView2/1/w/750/h/750"
        },
        {
          "name": "红枣山药糙米粥",
          "price": 10,
          "oldPrice": "",
          "description": "",
          "sellCount": 81,
          "rating": 91,
          "info": "",
          "ratings": [
            {
              "username": "3******c",
              "rateTime": 1469281964000,
              "rateType": 0,
              "text": "",
              "avatar": "http://static.galileo.xiaojukeji.com/static/tms/default_header.png"
            },
            {
              "username": "2******3",
              "rateTime": 1469271264000,
              "rateType": 0,
              "text": "",
              "avatar": "http://static.galileo.xiaojukeji.com/static/tms/default_header.png"
            },
            {
              "username": "3******b",
              "rateTime": 1469261964000,
              "rateType": 0,
              "text": "",
              "avatar": "http://static.galileo.xiaojukeji.com/static/tms/default_header.png"
            }
          ],
          "icon": "http://fuss10.elemecdn.com/9/b5/469d8854f9a3a03797933fd01398bjpeg.jpeg?imageView2/1/w/114/h/114",
          "image": "http://fuss10.elemecdn.com/9/b5/469d8854f9a3a03797933fd01398bjpeg.jpeg?imageView2/1/w/750/h/750"
        },
        {
          "name": "鲜蔬菌菇粥",
          "price": 11,
          "oldPrice": "",
          "description": "咸粥",
          "sellCount": 56,
          "rating": 100,
          "info": "",
          "ratings": [
            {
              "username": "3******c",
              "rateTime": 1469281964000,
              "rateType": 0,
              "text": "",
              "avatar": "http://static.galileo.xiaojukeji.com/static/tms/default_header.png"
            },
            {
              "username": "2******3",
              "rateTime": 1469271264000,
              "rateType": 0,
              "text": ""
            },
            {
              "username": "3******b",
              "rateTime": 1469261964000,
              "rateType": 0,
              "text": "",
              "avatar": "http://static.galileo.xiaojukeji.com/static/tms/default_header.png"
            }
          ],
          "icon": "http://fuss10.elemecdn.com/e/a3/5317c68dd618929b6ac05804e429ajpeg.jpeg?imageView2/1/w/114/h/114",
          "image": "http://fuss10.elemecdn.com/e/a3/5317c68dd618929b6ac05804e429ajpeg.jpeg?imageView2/1/w/750/h/750"
        },
        {
          "name": "田园蔬菜粥",
          "price": 10,
          "oldPrice": "",
          "description": "咸粥",
          "sellCount": 33,
          "rating": 100,
          "info": "",
          "ratings": [
            {
              "username": "3******c",
              "rateTime": 1469281964000,
              "rateType": 0,
              "text": "",
              "avatar": "http://static.galileo.xiaojukeji.com/static/tms/default_header.png"
            },
            {
              "username": "2******3",
              "rateTime": 1469271264000,
              "rateType": 0,
              "text": "",
              "avatar": "http://static.galileo.xiaojukeji.com/static/tms/default_header.png"
            },
            {
              "username": "3******b",
              "rateTime": 1469261964000,
              "rateType": 0,
              "text": "",
              "avatar": "http://static.galileo.xiaojukeji.com/static/tms/default_header.png"
            }
          ],
          "icon": "http://fuss10.elemecdn.com/a/94/7371083792c19df00e546b29e344cjpeg.jpeg?imageView2/1/w/114/h/114",
          "image": "http://fuss10.elemecdn.com/a/94/7371083792c19df00e546b29e344cjpeg.jpeg?imageView2/1/w/750/h/750"
        }
      ]
    }
  ],
  "ratings": [
    {
      "username": "3******c",
      "rateTime": 1469281964000,
      "deliveryTime": 30,
      "score": 5,
      "rateType": 0,
      "text": "不错,粥很好喝,我经常吃这一家,非常赞,以后也会常来吃,强烈推荐.",
      "avatar": "http://static.galileo.xiaojukeji.com/static/tms/default_header.png",
      "recommend": [
        "南瓜粥",
        "皮蛋瘦肉粥",
        "扁豆焖面",
        "娃娃菜炖豆腐",
        "牛肉馅饼"
      ]
    },
    {
      "username": "2******3",
      "rateTime": 1469271264000,
      "deliveryTime": "",
      "score": 4,
      "rateType": 0,
      "deliveryTime": "",
      "text": "服务态度不错",
      "avatar": "http://static.galileo.xiaojukeji.com/static/tms/default_header.png",
      "recommend": [
        "扁豆焖面"
      ]
    },
    {
      "username": "3******b",
      "rateTime": 1469261964000,
      "score": 3,
      "rateType": 1,
      "text": "",
      "avatar": "http://static.galileo.xiaojukeji.com/static/tms/default_header.png",
      "recommend": []
    },
    {
      "username": "1******c",
      "rateTime": 1469261864000,
      "deliveryTime": 20,
      "score": 5,
      "rateType": 0,
      "text": "良心店铺",
      "avatar": "http://static.galileo.xiaojukeji.com/static/tms/default_header.png",
      "recommend": []
    },
    {
      "username": "2******d",
      "rateTime": 1469251264000,
      "deliveryTime": 10,
      "score": 4,
      "rateType": 0,
      "text": "",
      "avatar": "http://static.galileo.xiaojukeji.com/static/tms/default_header.png",
      "recommend": []
    },
    {
      "username": "9******0",
      "rateTime": 1469241964000,
      "deliveryTime": 70,
      "score": 1,
      "rateType": 1,
      "text": "送货速度蜗牛一样",
      "avatar": "http://static.galileo.xiaojukeji.com/static/tms/default_header.png",
      "recommend": []
    },
    {
      "username": "d******c",
      "rateTime": 1469231964000,
      "deliveryTime": 30,
      "score": 5,
      "rateType": 0,
      "text": "很喜欢的粥店",
      "avatar": "http://static.galileo.xiaojukeji.com/static/tms/default_header.png",
      "recommend": []
    },
    {
      "username": "2******3",
      "rateTime": 1469221264000,
      "deliveryTime": "",
      "score": 4,
      "rateType": 0,
      "text": "量给的还可以",
      "avatar": "http://static.galileo.xiaojukeji.com/static/tms/default_header.png",
      "recommend": []
    },
    {
      "username": "3******8",
      "rateTime": 1469211964000,
      "deliveryTime": "",
      "score": 3,
      "rateType": 1,
      "text": "",
      "avatar": "http://static.galileo.xiaojukeji.com/static/tms/default_header.png",
      "recommend": []
    },
    {
      "username": "a******a",
      "rateTime": 1469201964000,
      "deliveryTime": "",
      "score": 4,
      "rateType": 0,
      "text": "孩子喜欢吃这家",
      "avatar": "http://static.galileo.xiaojukeji.com/static/tms/default_header.png",
      "recommend": [
        "南瓜粥"
      ]
    },
    {
      "username": "3******3",
      "rateTime": 1469191264000,
      "deliveryTime": "",
      "score": 4,
      "rateType": 0,
      "text": "粥挺好吃的",
      "avatar": "http://static.galileo.xiaojukeji.com/static/tms/default_header.png",
      "recommend": []
    },
    {
      "username": "t******b",
      "rateTime": 1469181964000,
      "deliveryTime": "",
      "score": 3,
      "rateType": 1,
      "text": "",
      "avatar": "http://static.galileo.xiaojukeji.com/static/tms/default_header.png",
      "recommend": []
    },
    {
      "username": "f******c",
      "rateTime": 1469171964000,
      "deliveryTime": 15,
      "score": 5,
      "rateType": 0,
      "text": "送货速度很快",
      "avatar": "http://static.galileo.xiaojukeji.com/static/tms/default_header.png",
      "recommend": []
    },
    {
      "username": "k******3",
      "rateTime": 1469161264000,
      "deliveryTime": "",
      "score": 4,
      "rateType": 0,
      "text": "",
      "avatar": "http://static.galileo.xiaojukeji.com/static/tms/default_header.png",
      "recommend": []
    },
    {
      "username": "u******b",
      "rateTime": 1469151964000,
      "deliveryTime": "",
      "score": 4,
      "rateType": 0,
      "text": "下雨天给快递小哥点个赞",
      "avatar": "http://static.galileo.xiaojukeji.com/static/tms/default_header.png",
      "recommend": []
    },
    {
      "username": "s******c",
      "rateTime": 1469141964000,
      "deliveryTime": "",
      "score": 4,
      "rateType": 0,
      "text": "好",
      "avatar": "http://static.galileo.xiaojukeji.com/static/tms/default_header.png",
      "recommend": []
    },
    {
      "username": "z******3",
      "rateTime": 1469131264000,
      "deliveryTime": "",
      "score": 5,
      "rateType": 0,
      "text": "吃了还想再吃",
      "avatar": "http://static.galileo.xiaojukeji.com/static/tms/default_header.png",
      "recommend": []
    },
    {
      "username": "n******b",
      "rateTime": 1469121964000,
      "deliveryTime": "",
      "score": 3,
      "rateType": 1,
      "text": "发票开的不对",
      "avatar": "http://static.galileo.xiaojukeji.com/static/tms/default_header.png",
      "recommend": []
    },
    {
      "username": "m******c",
      "rateTime": 1469111964000,
      "deliveryTime": 30,
      "score": 5,
      "rateType": 0,
      "text": "好吃",
      "avatar": "http://static.galileo.xiaojukeji.com/static/tms/default_header.png",
      "recommend": []
    },
    {
      "username": "l******3",
      "rateTime": 1469101264000,
      "deliveryTime": 40,
      "score": 5,
      "rateType": 0,
      "text": "还不错吧",
      "avatar": "http://static.galileo.xiaojukeji.com/static/tms/default_header.png",
      "recommend": []
    },
    {
      "username": "3******o",
      "rateTime": 1469091964000,
      "deliveryTime": "",
      "score": 2,
      "rateType": 1,
      "text": "",
      "avatar": "http://static.galileo.xiaojukeji.com/static/tms/default_header.png",
      "recommend": []
    },
    {
      "username": "3******p",
      "rateTime": 1469081964000,
      "deliveryTime": "",
      "score": 4,
      "rateType": 0,
      "text": "很喜欢的粥",
      "avatar": "http://static.galileo.xiaojukeji.com/static/tms/default_header.png",
      "recommend": []
    },
    {
      "username": "o******k",
      "rateTime": 1469071264000,
      "deliveryTime": "",
      "score": 5,
      "rateType": 0,
      "text": "",
      "avatar": "http://static.galileo.xiaojukeji.com/static/tms/default_header.png",
      "recommend": []
    },
    {
      "username": "k******b",
      "rateTime": 1469061964000,
      "deliveryTime": "",
      "score": 4,
      "rateType": 0,
      "text": "",
      "avatar": "http://static.galileo.xiaojukeji.com/static/tms/default_header.png",
      "recommend": []
    }
  ]
}
